S No,Project,Capacity (MW),River,Lic No,Isuue Date,Validity,Promoter,Address,Latitiude N,Latitiude N.1,Longitude E,Longitude E.1,VDC/District
1,Khani Khola - 1,40.0,Khani Khola,46,2068-01-28,2103-01-27,"Green Life Energy Pvt.Ltd,Sirin Bhawan, Lalitpur-1, Kupakdole","P.O.Box 3970, Kathmandu, Phone 01-5010712,Fax- 5010694","27o 47' 48""","27o 50' 28""","86o 20' 00""","86o 22' 00""","Khare,Marbu (Dolakha)"
2,Rahughat,40.0,Rahughat,49,2068-04-03,2103-04-02,Raghu Ganga Hydropower Limited,"Piple Myagdi, , 069-521017,068-620096, Fax: 069-521017, Email: rgpnea@nea.org.np","28o 22' 21""","28o 25' 45""","83o 31' 13""","83o 34' 35""",Jhin (Myagdi)
3,Tadi Khola,6.6,Tadi Khola,51,2068-06-04,2103-06-03,Hiraratna hydropower Pvt. Ltd,"Kalopul,Kathmandu -5, POB : 21650, Ph no. 01-4220127, Fax 4226330","27o 56' 04""","27o 57' 04""","85o 22' 53""","85o 24' 05""",",Rautbesi,Samundratar,Shikharbesi (Nuwakot)"
4,Upper Mailung -A,6.42,Mailung Khola,56,2068-09-11,2103-09-10,Energy Engineering Pvt. Ltd,"PO Box 9292,Ph 4915225","28o 09' 45""","28o 12' 30""","85o 11' 00""","85o 14' 00""",",Gatlang,Haku (Rasuwa)"
5,Chhahare Khola,17.5,Chhahare,66,2069-04-02,2104-04-01,Chhahare Khola Hydropower Co. Pvt. Ltd.,"Myagdi Home, St. Marys Road, Lalitpur Phone 9851048084, 9803212701","28o 25' 00""","28o 27' 07""","84o 24' 00""","84o 26' 20""",(Lamjung)
6,Kabeli-A,37.6,Kabeli Khola,70,2069-05-21,2104-05-20,Kabeli Energy Limited,"Budhanagar, GPO Box: 11728, Kathmandu Tel: 4781776","27o 13' 41""","27o 17' 32""","87o 40' 55""","87o 45' 50""","Ambarpur,Panchami (Panchthar) Thechambu (Taplejung)"
7,Junbeshi,5.2,Junbeshi,80,2069-09-20,2104-09-19,Dobhan Hydropower Pvt.Ltd.,"Tinkune, Koteswor, Kathmandu, P.O.Box 23746, Phone 01-4486911","27o 33' 15""","27o 35' 08""","86o 32' 40""","86o 34' 29""",Beni (Solukhumbu)
8,Khani Khola (Dolakha),30.0,Khani Khola,092,2070-02-10,2105-02-09,Sasha Engineering Hydropower Ltd.,"Kathmandu, Kamalpokhari, Birbalmarg, Nepal. Ph: 4514770, 4514851, 4227646, 4220842, Mobile No.: 9851020234","27o 46' 59""","27o 49' 09""","86o 17' 20""","86o 19' 30""","Marbu,Khare (Dolakha)"
9,Middle Midim,4.8,Midim Khola,100,2070-04-10,2105-04-09,Madhya Midim Jalvidhyut Company Pvt. Ltd.,"Dhapasi-7, Tirlingtar, Kathmandu, Phone 01-4386514","28o 12' 16""","28o 14' 10""","84o 15' 45""","84o 17' 08""",",Gilung,Karapu,Maling,Nalma (Lamjung)"
10,Upper Trishuli 3B,37.0,Trishuli,104,2070-04-27,2106-04-26,Nepal Electricity Authority,,"27o 59' 12""","28o 01' 21""","85o 10' 11""","85o 12' 01""",Manakamana (Nuwakot)
11,Upper Parajuli Khola,2.15,Parajuli Khola,102,2070-05-03,2105-05-02,Rara Hydropower Development Co.,"Sitapaila - 2, kathmandu, Ph: 01-4033016, 9841209736","28o 41' 39""","28o 43' 14""","81o 41' 09""","81o 43' 45""",Awal Parajul (Dailekh)
12,Lohare Khola,4.2,Lohare Khola,105,2070-06-08,2106-06-07,"Lohare Khola Hydropower Co. P. L.,","Anamnagar, Kathmandu, POBox 5558, Phone 9841461609","28o 53' 43""","28o 55' 00""","81o 47' 16""","81o 49' 22""","Baluwatar,Nomule,Salleri,Toli (Dailekh)"
13,Salankhu Khola,2.5,Salankhu,107,2070-07-05,2105-07-04,Salankhu Khola Hydropower P. Ltd.,"Samakhusi Town Planning-29, Kathmandu; GPO Box.: 8974; CPC Box : 044; Ph: 4390239, 4390240; email: salakhukhola@gmail.co","27o 59' 00""","27o 59' 30""","85o 07' 30""","85o 10' 00""","Kaule,Manakamana,Tupche,Fikuri (Nuwakot)"
14,Rawa Khola HPP,6.5,Rawa Khola,112,2070-10-28,2105-10-27,Dudhkoshi Power Company Pvt Ltd,"Milanchok 34, Kathmandu, GPO Box: 12015, Tel; 01-4469270, Fax 01-4491475","27o 17' 51""","27o 18' 51""","86o 44' 15""","86o 45' 31""","Hauchour,Jalapa,Dumekoldada (Khotang)"
15,Upper Myagdi,37.0,Myagdi Khola,119,2070-12-06,2106-12-05,Hydro Empire Ltd,"Bafal Sundhara, Kathmandu, P.O.Box 9713","28o 31' 05""","28o 33' 20""","83o 21' 44""","83o 23' 20""","Marang,Mudi,Muna (Myagdi)"
16,Rupse Khola,4.0,Rupse Khola,120,2071-01-05,2106-01-04,Research & Development Group,"Buddha Nagar Kathmandu, Phone 014780675","28o 32' 30""","28o 33' 40""","83o 36' 40""","83o 38' 13""",Dana (Myagdi)
17,Khare Hydropower Project,24.1,Khare,122,2071-01-21,2106-01-20,Constorium Power Developers Pvt Ltd,"Sinamangal, Kathmandu, Tel; 4462856, fax: 4462856","27o 45' 36""","27o 48' 00""","86o 14' 00""","86o 18' 00""","Chankhu,Khare,Marbu (Dolakha)"
18,Sabha Khola A,10.4,Sabha Khola,128,2071-06-28,2107-06-27,Deepsabha Hydropower Pvt. Ltd.,Old Baneshwor Kathmandu,"27o 21' 36""","27o 23' 18""","87o 14' 00""","87o 17' 00""","Dhupu,Syabun (Sankhuwasabha)"
19,Durbang Myagdi Khola,25.0,Myagdi Khola,130,2071-11-04,2106-11-03,Dhaulagiri Kalika Hydro Ltd,"GPO BoX: 4504, Kathmandu-30,, Gyaneswar, Phone no 4436819,4442730","28o 23' 15""","28o 26' 37""","83o 21' 30""","83o 26' 20""",",Arman,Babiyachaur,Devisthan,Darwang,Niskot (Myagdi)"
20,Balephi A,22.14,Balephi,132,2072-01-06,2107-01-05,Moonlight Hydropower Company Ltd.,"Kamaladi, Kathmandu, Phone 01-4474328,4462844","27o 49' 44""","27o 51' 42""","85o 45' 00""","85o 46' 31""","Baramchi,Golche,Pangtang (Sindhupalchok)"
21,Upper Modi A,42.0,Modi Khola,135,2072-03-04,2107-03-03,Modi Jalavidhyut Company Ltd.,"Durbarmarga, Kathmandu","28o 20' 00""","28o 24' 06""","83o 46' 53""","83o 50' 00""","Lumle,Ghandruk (Kaski)"
22,Langtang Khola Small Hydropower Project,20.0,Langtang,142,2072-06-01,2107-05-31,Multi Energy Development Pvt. Ltd.,"P.O.Box 10242 Kathmandu 10, Phone 01 4781891 email langtangkhola@gmail.com","28o 09' 05""","28o 09' 49""","85o 20' 34""","85o 22' 15""",Syafru (Rasuwa)
23,Ruru Banchu - 1,16.0,Rurubanchu Khola,147,2072-06-27,2107-06-26,Mount Nilgiri Hydropower Company Pvt Ltd,"P.O.Box 8003, Kathmandu Phone no 01 4216573","29o 05' 32""","29o 06' 37""","81o 45' 54""","81o 48' 05""","Chilkhaya,Odanku (Kalikot)"
24,ChulepuKhola Hydropower Project,8.52,"Chulepu,Dhunde Khola",155,2073-01-13,2108-01-12,Chandeswari Mahadev Khola Micro Hydro Com.P.Ltd.,"Madhyapur Thimi 15, Kausaltar,Bhaktapur 6630660,9851088190","27o 28' 50""","27o 31' 48""","86o 15' 40""","86o 18' 01""","Bhujee,Guptesqor,Pritee (Ramechhap)"
25,Chauri Khola,5.0,Chauri,156,2073-01-14,2108-01-13,Chauri Hydropower P Ltd,"Anamnagar-32 , KTM, Ph: 014102696, Fax 4102696, email - chaurihydro@gmail.com","27o 35' 33""","27o 37' 22""","85o 51' 49""","85o 53' 22""",Goswara (Ramechhap)
26,Tanahu HEP,140.0,Seti Khola (Gandaki),157,2073-02-03,2109-02-02,Tanahu Hydropower Limited,"4th Floor, Trade Tower, Thapathali, Kathmandu. Phone: 5111117, 5111118 Fax: 5111121, Email: info@thl.com.np","27o 55' 00""","28o 00' 00""","84o 04' 00""","84o 17' 30""","Damauli,Kahu Sivapur (Tanahu)"
27,Phalakhu Khola HPP,7.29,Phalankhu Khola,161,2073-03-24,2108-03-23,Rasuwa Hydropower Company Pvt Ltd,"GPO Box: 8003, Kathmandu,Tel; 4880041","27o 58' 40""","28o 00' 10""","85o 15' 17""","85o 16' 14""","Bhorle,Saramthali (Rasuwa)"
28,Phalakhu Khola HPP,14.7,Phalankhu Khola,162,2073-04-10,2108-04-09,Betrawati Hydroelectric Co. Ltd,"Panipokhari, KTM-3, 01-4002604, info@betrawatihydro.com","28o 00' 15""","28o 02' 10""","85o 16' 10""","85o 19' 00""","Saramthali,Yarsa (Rasuwa)"
29,Liping Khola,16.26,Liping,164,2073-04-12,2108-04-11,Him River Power Ltd,"Bhimsengola, Kathmandu-09; Tel: 4441535, Fax: 44435714; P.O. Box: 3797; 9843410945, 9843065637","27o 58' 11""","27o 59' 20""","85o 56' 30""","85o 57' 44""",Tatopani (Sindhupalchok)
30,Lower Khorunga,5.5,Khoranga Khola,165,2073-04-12,2108-04-11,IDS Energy Pvt. Ltd,"Heritedge Plaza, Kathmandu, Phone no 4169116, 4169117, Fax no 4169118, Emai info@idsenergy.com","27o 07' 30""","27o 09' 21""","87o 32' 30""","87o 34' 32""","Jaljale,Tamfula (Terhathum)"
31,Kaligandaki Koban,400.0,Kali Gandaki,167,2073-04-31,2103-04-30,Ambeshwor Engineering Hydropower Pvt. Ltd.,"Jawalakhel, Lalitpur, 01-5000300, 5000075","28o 36' 15""","28o 42' 00""","83o 35' 00""","83o 40' 21""","Kunjo,Kowang,Lete,Tukuche (Mustang)"
32,Sano Milti Khola SHP,3.0,Milti,173,2073-06-09,2108-06-08,Sano Milti Khola Hydropower P.Ltd.,"Bansbari, Kathmandu, Phone no 012298250, email : smkhl@gmail.com","27o 29' 36""","27o 30' 17""","86o 03' 00""","86o 04' 20""","Dandakharka,Melung (Dolakha) Phulasi (Ramechhap)"
33,Upper Nyasim Khola,43.0,Nyasem Khola,176,2073-08-07,2108-08-06,Sindhujwala Hydropower P. Ltd,"Anamnagar, Kathmandu, Phone no. 4245184, 4238575, 9851024845, Email: sindhujwalahydropower@gmail.com, arjunbandhuregmi@g","27o 59' 30""","28o 01' 10""","85o 49' 10""","85o 50' 30""",Gumba (Sindhupalchok)
34,Ruru Banchu Khola- 2,12.0,Rurubanchu Khola,178,2073-09-19,2108-09-18,Ruru hydroelectric Co Pvt. Ltd,"Kalanki Kathmandu, Phone no 4426472, 9751089755","29o 05' 49""","29o 06' 39""","81o 44' 45""","81o 45' 44""","Gela,Chilkhaya (Kalikot)"
35,Khimti II,48.8,Khimti Khola,179,2073-09-22,2108-09-21,Peoples Hydro sahakari Sastha Limited,"Shanti Nagar -34, Kathamandu, P.O.Box 10242, Phone 01-4781891, Fax 01-4781891","27o 33' 07""","27o 35' 13""","86o 10' 00""","86o 13' 50""","Chyama (Dolakha) Betali,Rasanalu (Ramechhap)"
36,Upper Lapche Khola,52.0,Lapche,182,2073-10-21,2108-10-20,Energy Venture Pvt. Ltd.,"New Baneswor Kathmandu, GPO Box: 6870, Phone 9851025737, 4115573, 4115900","28o 03' 00""","28o 06' 55""","86o 08' 44""","86o 11' 45""",Lamabagar (Dolakha)
37,Ankhu Khola,42.9,Ankhu Khola,184,2073-10-27,2109-10-26,Ankhu Hydropower Pvt. Ltd,"P.O. Box 19554, Kathmandu, Nepal, Phone no 4033752, 4033753, email: ankhuhp@gmail.com","28o 04' 00""","28o 07' 00""","84o 58' 50""","85o 01' 04""","Darkha,Gumdi,Jharlang,Ree (Dhading)"
38,Sabha Khola-B HPP,32.25,Sabha Khola,187,2073-11-30,2108-11-29,Orbit Energy Ltd.,"Hadigaun, Kathmandu, 01-4544309,9801099637, pokhhydropower@gmail.com","27o 25' 28""","27o 27' 41""","87o 19' 43""","87o 22' 27""",Sabha Pokhari (Sankhuwasabha)
39,Middle Tara Khola SHP,1.7,Tara Khola,190,2073-12-13,2109-12-12,Madhya Tarakhola Hydropower Pvt. Ltd.,"Baglung-2, Phone No. : 068-520221, 9747628615","28o 19' 11""","28o 19' 44""","83o 22' 59""","83o 24' 15""",Tara (Baglung)
40,Upper Chauri Khola,6.0,Chauri,194,2074-01-29,2109-01-28,Himalayan Water Resources & Energy Development Co. P. Ltd,"P.O. Box:2919, Tel: 4477000, 4153055, 984382339, email: ghisingbuilders2049@gmail.com","27o 34' 18""","27o 35' 55""","85o 50' 05""","85o 51' 49""",(Kabhrepalanchok)
41,Tamakoshi V,99.8,Tama Koshi,193,2074-02-09,2109-02-08,Tamakoshi hydropower Company Ltd.,"Durbar Marg , Kathmandu","27o 45' 00""","27o 49' 50""","86o 10' 30""","86o 14' 30""","Lamabagar,Orang,Bulung,Laduk,Gauri Sankar (Dolakha)"
42,Lower Chirkhuwa,4.06,Chirkhuwa,196,2074-02-22,2109-02-21,L.C. Energy Pvt. Ltd.,"Jadibuti, Narephant, KMC-32, 01-5149162, 9851064932, lcenergy19@gmail.com","27o 22' 00""","27o 23' 31""","87o 06' 32""","87o 08' 30""","Mulpani,Nepaledada (Bhojpur)"
43,Super Nyadi Hydropower Project,40.27,Nyadi,204,2074-05-14,2109-05-13,Siuri Nyadi Power Ltd,"GPO Box no 14165, Anamnagar Kathmandu, Tel 4223608, 4238159, email: supernyadi@siurihydro.com","28o 21' 09""","28o 24' 23""","84o 26' 57""","84o 30' 18""","Bahundada,Bhulbhule (Lamjung)"
44,Marsyangdi Besi,50.0,Marsyangdi,206,2074-06-01,2109-05-31,Divyajyoti Hydropower Ltd.,"4th Floor Trade Tower, Thapathali, Kathmandu, 01-5111093,info@divyajyotihydro.com","28o 12' 00""","28o 16' 00""","84o 21' 15""","84o 24' 40""","Besisahar,Chandisthan,Bhulbhule,Gaunsahar,Bajhakhet,Hiletaxar (Lamjung)"
45,Lower Selang Khola,1.475,Selang,208,2074-06-29,2109-06-28,Sewa Hydro Limited,"Lalitpur-10, Jwagal, 01-5260699, sewahydrolimited@gmail.com","27o 51' 20""","27o 51' 48""","85o 44' 05""","85o 44' 57""",Selang (Sindhupalchok)
46,Upper Trishuli-1,216.0,Trishuli,209,2074-07-23,2109-07-22,Nepal Water & Energy Development Co. P. Ltd,"5th Floor, LS Building, Thapathali, 01-1522775, 01-4512229","28o 04' 27""","28o 07' 42""","85o 12' 40""","85o 18' 03""","Dhunche,Haku (Rasuwa)"
47,Lapche Khola,160.0,Lapche,212,2074-09-02,2110-09-01,Nasa Hydropower Company P Ltd,"Laxman Babu Bhawan, Naxal, Kathmandu, Phone no 4414355, 4414651, 9801012101, email: info@mvdugarhydro.com","27o 58' 51""","28o 02' 58""","86o 10' 00""","86o 12' 58""",Lamabagar (Dolakha)
48,Kasuwa Khola HPP,45.0,Kasuwa Khola,213,2074-09-03,2109-09-02,Kasuwa Hydropower Ltd,"Tripureshwor, Kathmandu, Tel: 4101140, 4251080, email: info@kasuwakhola.com.np","27o 35' 01""","27o 37' 39""","87o 16' 00""","87o 17' 56""","Makalu,Pathibhara (Sankhuwasabha)"
49,Saptang Khola HPP,2.5,Saptang,215,2074-09-21,2109-09-20,Saptang Hydropower Pvt Ltd,"Kathmandu-16, Naya Bazar, Tel:9851035832, 9851076449","28o 00' 00""","28o 00' 59""","85o 05' 16""","85o 07' 07""",Bungtang (Nuwakot)
50,Super Trishuli,100.0,Trishuli,218,2074-10-02,2109-10-06,Blue Energy Ltd.,"Dillibazar, Kathmandu-01, 14545927, 14545928, 4221305, 9851032232, 9843311311, 9849516600","27o 48' 41""","27o 52' 56""","84o 34' 00""","84o 41' 06""",
51,Irkhuwa Khola-B HPP,15.524,Irkhuwa Khola,222,2074-11-03,2109-11-02,Barah Multi Power Pvt Ltd,"KMC-05, 01-4537544, Email: barahamultipower@gmail.com","27o 23' 47""","27o 25' 16""","87o 03' 52""","87o 05' 56""","Kudak Kaule,Chaukidada,Nepaledada (Bhojpur)"
52,Rasuwa Bhotekoshi,120.0,Bhotekoshi (Rasuwa),223,2074-11-03,2109-11-02,Langtang Bhotekosi Hydropower Company Pvt. Ltd,"Sitapaila, Kathmandu, Tel no 9810157778, 9843077976, email langtangproject@gmail.com, liaoxiangi@hotmail.com","28o 10' 30""","28o 14' 04""","85o 20' 00""","85o 22' 30""","Thuman,Briddhim,Goljung (Rasuwa)"
53,Upper Modi HPP Cascade Project,18.2,Modi Khola,226,2074-12-02,2109-12-01,Modi Jalvidhyut Co. Ltd.,"United Trade Center, 3rd floor, Tripureshower 01-5917167,68,69","28o 18' 45""","28o 20' 32""","83o 46' 11""","83o 48' 00""","Dangsing,Ghandruk,Lumle (Kaski)"
54,Arun 3,900.0,Arun,001/74-75,2075-01-20,2105-01-19,Satluj Jal Vidyut Nigam Limited,"Saket New Delhi India 110017, Phone +91-11-41659207","27o 30' 00""","27o 35' 00""","87o 12' 00""","87o 20' 00""","Diding,Num,Makalu,Matsya Pokhari,Mangtewa,Pathibhara (Sankhuwasabha)"
55,Middle Daram Khola-A HPP,3.0,Daram,230,2075-02-09,2110-02-08,White Gold Multi Energy Pvt. Ltd.,"Baglung, Buddhanagar, Kathmandu, 01-5242143, whitegoldhydro3.0@gmail.com","28o 15' 54""","28o 16' 44""","83o 24' 30""","83o 26' 22""","Heel,Argal,Amarbhumi (Baglung)"
56,Middle Daram Khola-B HPP,4.5,Daram,231,2075-02-09,2110-02-08,Milestone Hydropower Pvt. Ltd.,"Baglung-11, Mobile 9745025919","28o 14' 05""","28o 15' 54""","83o 24' 30""","83o 26' 22""","Amarbhumi,Harichaur,Heel (Baglung)"
57,Upper Khudi,26.0,Khudi,232,2075-02-09,2110-02-08,Super Khudi Hydropower Ltd.,"P.O.Box 19554, Kathmandu, Phone 01-4434003, 4424644","28o 18' 22""","28o 21' 50""","84o 18' 32""","84o 20' 44""","Ghanpokhara,Khudi (Lamjung)"
58,Upper Tamor,285.0,Tamor,234,2075-02-27,2110-02-26,Tamor Energy P. Ltd,"Lalitpur, Ward No. 10, Kupondol, P.O. Box: 19737, Ph: 4527090,4523971, 4445952, Fax: 4425953, upper.tamor255@gmail.com","27o 25' 19""","27o 30' 15""","87o 41' 40""","87o 48' 03""","Phurumbu,Linkhim,Lelep,Tapethok (Taplejung)"
59,Hewa A Small HEP,9.9,Hewa (Panchthar),235,2075-04-14,2110-04-13,Habitat Power Company Ltd.,"01-4469808, 9841531682","27o 10' 40""","27o 11' 38""","87o 51' 00""","87o 53' 26""","Ekteen,Yanganam,Memeng,Sidin (Panchthar)"
60,Tila-1 Hydropower Project,440.0,Tila,236,2075-05-08,2110-05-07,S C Power Company P Ltd,"PO Box 23704, Kathamdu","29o 06' 00""","29o 08' 40""","81o 35' 00""","81o 44' 38""","Dahafatgaun,Gela,Manma,Mugraha,Pakha,Sukitaya (Kalikot)"
61,Tila-2 Hydropower Project,420.0,Tila,237,2075-05-08,2110-05-07,Urja Tila Power Co. Pvt. Ltd.,"Krishna Galli-3, Lalitpur, 01-5430135","29o 06' 00""","29o 10' 00""","81o 44' 38""","81o 52' 00""",Pakha (Kalikot)
62,Super Aankhu Khola Hydropower Project,25.4,Ankhu Khola,239,2075-06-02,2110-06-01,Gorakshya Hydropower Pvt.Ltd,"Babarmahal, Kathmandu-11, 4219730,4225281,9851021920; Email: gorakshya.hydropower@yahoo.com","28o 10' 00""","28o 11' 44""","85o 02' 56""","85o 04' 45""","Lapa,Sirtung (Dhading)"
63,Lower Manang Marsyangdi,139.2,Marsyangdi,242,2075-07-18,2110-07-17,Butawal Power Company,"Budhanagar, Kathmandu Tel: 4781776,4785295","28o 29' 35""","28o 32' 05""","84o 19' 20""","84o 21' 55""",",Tachi Bagarchhap,Dharapani,Thoche (Manang)"
64,Manang Marsyangdi,135.0,Marsyangdi,243,2075-08-01,2110-07-30,Manang Marsyangdi Hydropower Company Pvt.Ltd.,"P.O.Box 12566 Kathmandu-4, Phone 9803298663, 9841286805; emai:mmhpp777@gmail.com","28o 32' 05""","28o 33' 37""","84o 15' 38""","84o 20' 00""","Chame,Tachi Bagarchhap (Manang)"
65,Garchyang Khola,6.6,Garchyang,245,2075-08-18,2110-08-17,Citizen Hydropower Company Pvt. Ltd.,"Ring Road Naya Bato, Lalitpur; POB No 20732, Kathmandu Mobile No. 9851029387, Fax 0150014274649","28o 21' 37""","28o 22' 46""","84o 08' 45""","84o 10' 10""",Namarjung (Kaski)
66,Upper Marsyangdi 1,138.0,Marsyangdi,247,2075-09-10,2110-09-09,Upper Marsyangdi Hydropower Company Pvt. Ltd.,"Kathmandu 4, Baluwatar, Phone 9841286805, 9844040118; email: mmhpp777@gmail.com","28o 19' 28""","28o 22' 25""","84o 23' 51""","84o 25' 00""","Taghring,Khudi,Ghermu,Bahundada (Lamjung)"
67,Chameliya (Chhetigad),85.0,Chameliya Khola,248,2075-09-20,2110-09-19,"Grid Nepal Co. Pvt. Ltd.,","531Pandol Marg Lajimpat, Kathmandu, Ph. 01-4442049, 9841412569; thakurpujachand@email.com, hydrovision@gmail.com","29o 47' 00""","29o 50' 00""","80o 48' 49""","80o 53' 00""","Ghusa,Guljar,Khandeswori,Sitaula (Darchula)"
68,Upper Piluwa Hills Small HP Project,4.99,"Piluwa, Tupuwa & Chhange Khola",249,2075-09-23,2110-09-22,Milke Jaljale Hydropower Ltd.,"Lalitpur-1, 01-5429176,9841509412, milkejaljale499@gmail.com","27o 18' 08""","27o 20' 00""","87o 25' 46""","87o 27' 55""","Nundhaki,Siddhakali (Sankhuwasabha)"
69,Kaligandaki Gorge,180.0,Kali Gandaki,251,2075-11-27,2110-11-26,Kaligandaki Gorge Hydropower Pvt. Ltd.,"P.O.Box 19554, Phone - 01-5329765, 9851086922 kgghydro@gmail.com","28o 31' 15""","28o 36' 15""","83o 37' 15""","83o 40' 00""","Dana,Narchyang,Dana (Myagdi)"
70,Nyadi-Phidi HPP,21.4,"Nyadi,Phidi",252,2075-11-27,2110-11-26,North Summit Hydro Ltd.,"Babarmahal-11, Kathmandu, POB: 2060 Phone: 01-5319143, 984151223, email: n.s.hydro2016@gmail.com","28o 24' 27""","28o 26' 12""","84o 30' 10""","84o 31' 43""","Bahundada,Bhulbhule (Lamjung)"
71,Middle Kaligandaki,53.539,Kali Gandaki,255,2076-01-09,2111-01-08,Hydro Support Pvt. Ltd.,"IME Complex, Panipokhari, Kathmandu. PO Box: 12538, Kathmand; middlekaligandakihpp@gmail.comu. Phone: 014430600, Fax: 01","28o 28' 56""","28o 31' 14""","83o 38' 00""","83o 40' 00""","Tatopani,Dana,Narchyang (Myagdi)"
72,Bajra Madi Hydropower Project,24.8,Madi Khola,257,2076-02-07,2111-02-06,Bajra Energy Ventures Pvt. Ltd.,"Baghdurbar, Sundhara, Kathmandu, Phone: 4242628, Mobile: 9841793347","28o 12' 30""","28o 15' 30""","84o 04' 00""","84o 07' 30""","Kalika,Thumakodanda (Kaski)"
73,Likhu Khola HPP,30.0,Likhu Khola,263,2076-02-24,2111-02-23,P K Hydropower Pvt. Ltd.,"Trade Tower 2nd Floor, Thapathali, Kathmandu, 9860389894, 9851080878, info.pikehydro@gmail.com","27o 29' 10""","27o 31' 07""","86o 18' 00""","86o 21' 44""","Rawadolu,Khijichandeshwari (Okhaldhunga) Pritee,Kubukasthali (Ramechhap) Goli (Solukhumbu)"
74,Lower Hewa Khola-A HPP,7.3,Hewa (Sankhuwasabha),276,2076-07-26,2111-07-25,Panch Khapan Hydropower P.Ltd.,"Kathmandu-34, Banesor,Nepal,016201315,4116068,panchkhapan hydropower2072@gmail.com","27o 17' 48""","27o 19' 10""","87o 16' 22""","87o 18' 59""","Bana,Baneswor,Chainpur,Jaljala (Sankhuwasabha)"
75,Upper Ankhu Khola,38.0,Ankhu Khola,280,2076-09-07,2111-09-06,Dhading Ankhu Khola Hydro Pvt. Ltd.,"Sumargi B. Complex, Babarmahal-11, Kathmandu","28o 07' 00""","28o 10' 00""","85o 00' 00""","85o 03' 30""","Jharlang,Lapa,Sirtung (Dhading)"
76,Sangu Khola HPP,5.0,Sangu (Sorun) Khola,286,2076-10-01,2111-09-30,Kalinchowk Hydropower Pvt. Ltd.,"Galkopakha, T^hamel, Kathmandu-26,(Samakhusi road) Tel: 01-4358332","27o 47' 13""","27o 48' 15""","86o 04' 00""","86o 07' 03""","Kalingchok,Khupachagu (Dolakha)"
77,Middle Mewa HPP,73.5,Mewa Khola,289,2076-10-12,2112-10-11,Mewa Developers LTd,"Tripurewhower , Kathmandu-11. 4243120","27o 26' 52""","27o 30' 29""","87o 36' 30""","87o 38' 15""","Liwang,Sanwa,Nalbu,Papung,Thukima (Taplejung)"
78,Nupche Likhu HEP,57.5,"Nupche , Likhu",290,2076-10-12,2112-10-11,Vision Energy and Power Pvt. Ltd.,"New Baneshwor, Kathmandu","27o 40' 37""","27o 43' 37""","86o 26' 30""","86o 30' 30""",Gumdel (Ramechhap)
79,Upper Myagdi-I HEP,53.5,Myagdi Khola,291,2076-10-21,2111-10-20,Upper Myagdi Hydropower Ltd,Lalitpur-3,"28o 27' 30""","28o 31' 10""","83o 20' 44""","83o 23' 06""","Bima,Marang,Takam,Muna,Mudi (Myagdi)"
80,Phedi Khola (Thumlung) Small HPP,4.3,Phedi khola (Thumlung),293,2076-11-15,2111-11-14,Phedi khola Hydropower Company Pvt. Ltd.,"Koteshor 32, Ktm. , Prakash Chandra Dulal. Mob No. 9851221372, 01599321; prakshdulal@gmail.com","27o 22' 13""","27o 23' 06""","87o 00' 29""","87o 01' 38""",Dobhane (Bhojpur)
81,Upper Irkhuwa HPP,14.5,"Irkhuwa,Phedi",295,2077-02-23,2112-02-22,Aarati Power Company Ltd.,"KMC-05, 01-4537544, 9851221372, Email: aaratipower@gmail.com","27o 22' 58""","27o 24' 17""","87o 01' 44""","87o 03' 51""","Dobhane,Khatamma,Kudak Kaule (Bhojpur)"
82,Isuwa Khola Hydropower Project,97.2,Isuwa Khola,296,2077-02-27,2112-02-26,KBNR Isuwa Power Ltd.,"Biratnagar -13, Morang,Nepal 021472227","27o 34' 03""","27o 37' 00""","87o 11' 23""","87o 14' 30""",Makalu (Sankhuwasabha)
83,Upper Maiwa HPP,17.85,Maiwa,298,2077-03-03,2112-03-02,Kang Hydropower Company Pvt. Ltd,"Dharan, mob.no. 9852045950, 9812398039; Email: jayalimbu@gmail.com","27o 22' 23""","27o 24' 50""","87o 30' 35""","87o 33' 38""","Thinglabu,Phakumba,Sanghu,Dhungesaghu (Taplejung)"
84,Lower Balephi,20.0,Balephi,300,2077-03-05,2112-03-04,Sajha Power Company Ltd.,"5th Floor, Trade Tower, Thapathali, Ktm, 01-5111015,5111016, sajhapower2022@gmail.com","27o 45' 39""","27o 48' 23""","85o 44' 44""","85o 46' 41""","Batase,Kubhinde,Fulpingkot,Fupingdandagau (Sindhupalchok)"
85,Madya Super Daraundi HPP,10.0,Daraudi,301,2077-03-05,2112-03-04,Barpak Daraundi Hydropower Company Pvt. Ltd.,"Kathmandu 9, GPO Box: 8643, Phone no 9851173806; 9841244892","28o 11' 18""","28o 13' 22""","84o 42' 57""","84o 44' 07""",Ghyalchok (Gorkha)
86,Rauje Khola HPP,18.6,Rauje Khola,302,2077-03-05,2112-03-04,Hydro Connection Pvt Ltd,"Latitpur-15, Mahalaxmisthan., phone no 5523784, email connectionhydro@gmail.com","27o 37' 10""","27o 38' 47""","86o 40' 35""","86o 42' 00""",Takasindu (Solukhumbu)
87,Bhotekoshi 5 HEP,46.0,Bhotekoshi (Sindhupalchowk),303,2077-03-14,2112-03-13,Kalika Energy Ltd.,"Kathmandu-30, 01-4542782, kalikaenergy@gmail.com","27o 46' 05""","27o 49' 08""","85o 51' 49""","85o 54' 14""","Ramche,Tekanpur,Gati,Barhabise,Maneswor,Mankha (Sindhupalchok)"
88,Middle Tadi HPP,5.5,Tadi Khola,310,2077-04-27,2112-04-26,Dupcheshwor Mahadev Hydro Company Pvt. Ltd.,"Kathmandu-1, House No 271 Situ Plaza, Narayan Chaur; Phone 9851064168( bisam), 4002604","27o 57' 30""","27o 57' 54""","85o 24' 04""","85o 25' 09""","Rautbesi,Shikharbesi,Dhyangphedi (Nuwakot)"
89,Pegu Khola Small Hydropower Project,4.35,Pegu,311,2077-05-11,2112-05-10,BiguHydropower Venture,"KMC-9, Battisputali, 9841837222","27o 49' 22""","27o 50' 18""","86o 03' 22""","86o 04' 59""",Bigu (Dolakha)
90,Jurimba Khola Small Hydropower Project,7.63,Jurimba,312,2077-05-29,2112-05-28,Jurimba Hydropower Company Pvt. Ltd,"Minbhawan, Kathmandu","27o 54' 18""","27o 55' 28""","85o 53' 26""","85o 55' 18""","Listi,Tatopani (Sindhupalchok)"
91,Landruk Modi HEP,86.59,Modi,313,2077-06-01,2112-05-31,Annapurna Bidhyut Bikas Company Pvt. Ltd,"Koteshwor, Kathmandu, 01-4439152, 4439153","28o 24' 10""","28o 29' 19""","83o 49' 32""","83o 53' 52""",
92,Sunigad,11.05,Suni Gad,314,2077-06-07,2112-06-06,Omega Energy Developer Pvt. Ltd,"Chandole -4, Kathmandu, omegaenergy73@gmail.com,01-4436184","29o 36' 10""","29o 40' 00""","81o 11' 46""","81o 14' 16""",
93,Mid Rawa Khola HEP,2.5,"Rawa Khola, Sung Khola",315,2077-06-07,2112-06-06,"Halesi Urja Pvt. Ltd. , Anamnagar, Kathmandu, Tel: 5538632, 9851088040","Anamnagar, Kathmandu","27o 20' 24""","27o 21' 04""","86o 49' 05""","86o 50' 53""","Baksila,Rakha Bangdel (Khotang)"
94,Dudhkoshi-2 (Jaleswar) HPP,70.0,Dudhkoshi,316,2077-06-07,2112-06-06,Dudhkoshi Hydropower Nepal Pvt Ltd,"Jitjung Marg, Thapathali , Kathmandu, GPO Box: 7301. Tel: 4241001","27o 23' 52""","27o 26' 30""","86o 40' 00""","86o 43' 36""","Deusa,Kagel,Jubu,Lokhim,Mukali,Necha Batase (Solukhumbu)"
95,Mudi Khola Hydropower Project,14.7,Mudi Khola,318,2077-06-13,2112-06-12,Everest Energy and Infrastructure Fund Pvt. Ltd.,"Charkhal Road, Dillibazar, Kathmandu-33, Tel: 01-4432864, 9851163167,Email: neupanes.ram@gmail.com","28o 31' 19""","28o 34' 00""","83o 19' 22""","83o 21' 44""",Mudi (Myagdi)
96,Lower Mid Rawa Khola HEP,4.0,Rawa,319,2077-06-15,2112-06-14,Lower Mid Rawa Khola Hydropower ProjectPvt. Ltd,"Ka. Ma.Pa-9, Tel: 9851132735, Email: gspghimire@gmail.com","27o 20' 03""","27o 21' 00""","86o 46' 49""","86o 49' 00""","Rakha Bangdel,Sapteswor (Khotang)"
97,Menchet Khola HPP,7.0,Menchet Khola,320,2077-06-18,2112-08617-0,Ruby Valley Hydropower Com.Ltd.,"Kathmandu-11, Babarmahal, 4222934, 9849920987","28o 11' 00""","28o 11' 43""","85o 04' 45""","85o 06' 37""","Sirtung,Tipling (Dhading)"
98,Tamor Mewa,128.0,Tamor & Mewa,322,2077-06-25,2112-06-24,Spark Hydroelectric Co. Ltd.,"Gyaneshwor P.O. Box. 20832, Kathmandu-33, Tel: 015902484, 9851247645","27o 20' 00""","27o 24' 08""","87o 37' 15""","87o 40' 00""","Khokling,Phungling (Taplejung)"
99,Midim 1 HEP,13.424,Midim Khola,323,2077-07-03,2112-07-02,Mount Rasuwa Hydropower Pvt. Ltd.,"Tokha 10 Kathmandu, 9802033712, 01-4354367","28o 14' 10""","28o 17' 55""","84o 15' 00""","84o 18' 00""","Bhujung,Bhoje,Maling,Uttarkanya (Lamjung)"
100,Myagdi Khola Hydropower Project,57.3,Myagdi Khola,326,2077-07-25,2112-07-24,Hydro Village Ltd.,"Lalitpur-22,Jwagal.POBox 4256. , 015199073, 9851050406, shshil@sushmitgroup.com,sushil.hyvillage@gmail.com","28o 34' 18""","28o 37' 49""","83o 21' 50""","83o 25' 00""",Mudi (Myagdi)
101,Upper Bhurundi Khola SHP,3.75,Bhurundi Khola,327,2077-07-27,2112-07-26,"Ambe Hydropower Pvt. Ltd,","Kathmandu, Tel: 01-4117979","28o 19' 30""","28o 20' 35""","83o 44' 20""","83o 45' 00""",Dangsing (Kaski)
102,Nyasim HEP,35.0,Nyasem Khola,328,2077-07-28,2112-07-27,Sita Hydropower Company Pvt. Ltd.,"Kalimati, Kathmandu-13, Contact No. 01-4272426, 4274937, 4372442,9851194065 Sitaram Timalsina","27o 57' 30""","27o 59' 30""","85o 47' 30""","85o 49' 30""",Gumba (Sindhupalchok)
103,Upper Daraudi Hydropower Project,9.2,Daraudi,330,2077-08-14,2112-08-13,Green Gorkha Energy Limited,"Kath 23, Charkhal, greengorkhaenergy@gmail.com; 9851163169","28o 08' 36""","28o 11' 18""","84o 41' 52""","84o 43' 23""","Ghyalchok,Simjung,Saurpani (Gorkha)"
104,Seti Khola HEP,22.0,Seti Khola (Gandaki),334,2077-09-02,2112-09-01,Setikhola Hydropower Ltd.,"Kantipath,Kathmandu .PO Box 26153, Tel: 4232229, seti22mw@gmail.com","28o 05' 20""","28o 08' 05""","84o 04' 15""","84o 05' 28""","Bharatpokhari,Lekhnath (Kaski)"
105,Mewa khola HEP,23.0,Mewa Khola,336,2077-10-02,2112-10-01,Union Mewa hydro ltd,"Lalitpur 3 Dhobighat, 5525406, PO Box: 12637, unionmewa.hl@gmail.com","27o 33' 06""","27o 35' 33""","87o 35' 14""","87o 37' 00""",Papung (Taplejung)
106,Bagar Khola HEP,5.5,Bagar Khola,337,2077-10-06,2112-10-05,Mona Hydropower Limited,"Tokha Municipality, Ward No. 9, Kathmandu, Tel: 01-4381103, thapachakra008@gmail.com","28o 28' 30""","28o 29' 30""","83o 31' 20""","83o 32' 31""",Chimkhola (Myagdi)
107,Dudhpokhari Chepe HEP,11.0,Chepe Khola,338,2077-10-08,2112-10-07,Dudhpokhari Chepe Hydropower Ltd,"Kathmandu-10, 01-5224986, 9851153723, doodhpokharichepe@gmail.com","28o 15' 02""","28o 16' 52""","84o 38' 30""","84o 40' 25""",Kharibot (Gorkha)
108,Jum Khola HEP,56.0,Jum,342,2078-03-27,2113-03-26,Sanima Jum Hydropower Ltd.,"Kathmandu Metropolitan City-4, GPO 19737, Kathamndu, Contact No. 01-4372828, 4373030, Fax: 01-4015799,Email: sanima@sani","27o 56' 40""","27o 58' 23""","86o 12' 47""","86o 15' 00""",Lamabagar (Dolakha)
109,Upper Daraudi B Small HEP,8.3,Daraudi,343,2078-04-10,2113-04-09,Glacier Hydro Pvt. Ltd.,"Kalika Tower, Baluwatar, Kathmandu 4439152,4439153, Email: info@kalikagroup.com, Fax: 977-1-4439155","28o 13' 24""","28o 15' 00""","84o 43' 45""","84o 44' 30""","Ghyalchok,Warpak (Gorkha)"
110,Upper Daraudi-C HEP,9.82,Daraudi,344,2078-04-10,2113-04-09,Glacier Hydro Pvt. Ltd.,"Kalika Tower, Baluwatar, Kathmandu Contact No. 4439152,4439153 Fax 4439155, Email: info@kalikagroup.com","28o 15' 01""","28o 16' 21""","84o 43' 00""","84o 44' 30""","Ghyalchok,Warpak (Gorkha)"
111,Upper Balephi,46.0,Balephi,345,2078-04-32,2113-04-31,"Upper Balephi Hydropower Limited (Previously, Samjhana Acharya)","Ratopul-9, Kathmandu, Phone No. 01-5905003, Email: info.upperbalephi@gmail.com","27o 58' 59""","28o 01' 11""","85o 46' 46""","85o 48' 03""","Golche,Gumba (Sindhupalchok)"
112,Ilep Tatopani Khola HEP,25.0,Tatopani(Ilep) Khola,346,2078-05-15,2113-05-14,Jalshakti Hydro Company Ltd.,"Maharjgunj, KMC-3 Tel: 01-5705608, jalshaktihydro@gmail.com","28o 11' 45""","28o 13' 35""","85o 03' 35""","85o 05' 00""","Lapa,Sirtung (Dhading)"
113,Super Melamchi HEP,23.6,Melamchi,340,2078-05-21,2113-05-20,Milarepa Energy Pvt Ltd,"152 Milanbasti marg, Subidhanagar, Kathmandu-32, Contact No. 9851020622, 01-4820834, Fax 01-4821086, 01-4111717","27o 59' 15""","28o 01' 08""","85o 31' 20""","85o 32' 30""",Melamche (Sindhupalchok)
114,Upper Piluwa-1 HEP,7.7,Piluwa,349,2078-07-07,2113-07-06,Devi Hydropower Pvt. Ltd.,Lainchaur Kathmandu,"27o 17' 00""","27o 17' 58""","87o 20' 56""","87o 23' 18""","Madi Rambeni,Siddhakali (Sankhuwasabha)"
115,Bhalaudi Khola HEP,2.645,Bhalaudi,351,2078-08-02,2113-08-01,Bhalaudi Khola Hydropower Ltd.,Banasthali Kathmandu,"28o 22' 30""","28o 23' 30""","83o 57' 36""","83o 58' 30""",Machhapuchchhre (Kaski)
116,Isuwa Khola PRoR Cascade HEP,40.1,Isuwa Khola,356,2078-09-06,2113-09-05,Isuwa Energy Pvt. Ltd,"Bouddha-6, Kathmandu P.O.Box 2534, Contact No. 9818785021","27o 32' 30""","27o 34' 17""","87o 14' 00""","87o 15' 29""",Makalu (Sankhuwasabha)
117,Arun Khola 2 HEP,2.0,Arung,357,2078-09-28,2113-09-27,Himalayan Engineering and Energy Pvt. Ltd.,"Sinamangal -9, Kathmandu,PO Box No: 10443, mob no. 9851018901,01-4465976","27o 43' 17""","27o 44' 22""","83o 52' 24""","83o 55' 00""","Humsekot,Rakachuli (Nawalparasi)"
118,Sona Khola HEP,9.0,"Sona Khola, Khahare Khola",358,2078-09-28,2113-09-27,Himali Hydro Fund Ltd.,"Mid Baneshwor, KTM-31, 01-4109156, sona.hhfl@gmail.com, www.himalihydrofund.com.np","27o 33' 28""","27o 34' 00""","87o 38' 27""","87o 40' 08""",Papung (Taplejung)
119,Mathillo Kabeli HEP,28.1,Kabeli Khola,359,2078-10-05,2113-10-04,Peace Energy Company Ltd.,"Baluwatar, Kathmandu, 01-5918721, info@peaceenergy.com.np","27o 18' 45""","27o 21' 40""","87o 50' 48""","87o 52' 00""","Limbudin,Ambegudin,Mehele,Tellok,Sinam,Sawalakhu (Taplejung)"
120,Super Lower Bagmati HEP,41.86,Bagmati,360,2078-10-12,2113-10-11,Super Bagmati Hydropower Ltd,"Lalitpur-10, Kupandole, Contact No. 9818785021, 9851047673, GPO BoX; 10218","27o 19' 30""","27o 25' 00""","85o 21' 52""","85o 28' 55""","Milche,Salamechakla(Taldhunga),Saldhara (Kavrepalanchok) Gimdi,Thuladurlung (Lalitpur) Faparbari,Betini (Makawanpur)"
121,Middle Hongu Khola B HEP,22.9,Hongu Khola,361,2078-10-12,2113-10-11,Gaurishankar Power Development Pvt. Ltd,"Kathmandu-34, Baneshwor, Contact No. 4992910, 9851133303","27o 29' 09""","27o 30' 51""","86o 49' 06""","86o 51' 34""","Sautang,Gudel,Bung,Chheskam (Solukhumbu)"
122,Upper Seti HEP,20.0,"Seti Khola, Sadhu Khola",362,2078-10-17,2113-10-16,Upper Seti Hydro Pvt.Ltd.,"Ka.Ma.Pa-32, Anamnagar Kathmandu, P.O.Box 12662,E-mail: upperseti20mw@gmail.com Contact No. 9851147724, 9849821564,01-54","28o 24' 31""","28o 26' 15""","83o 58' 36""","84o 00' 15""",Machhapuchchhre (Kaski)
123,Upper Deumai Khola Small HEP,8.3,Deumai,363,2078-11-06,2113-11-05,Water Energy Solution Pvt Ltd,"Madhyapur Thimi Municipality, Bhaktapur, Tel: 9841618543","26o 54' 40""","26o 57' 50""","87o 46' 15""","87o 48' 55""","Ektappa,Mangalbare,Ghuseni (Ilam)"
124,Sepli Khola HEP,5.0,Sepli Khola,364,2078-12-17,2113-12-16,Sepli Hydropower Development Pvt. Ltd.,"Battisputali, Kathmandu, P.O.Box 10512, Contact No. 01-4470602, 9742082308","27o 22' 37""","27o 23' 36""","86o 26' 38""","86o 27' 51""","Patle,Jantarkhani,Ragadeep (Okhaldhunga)"
125,Tamor Khola-5 HEP,37.5,Tamor,365,2078-12-20,2113-12-19,River Side Hydro Energy Ltd,"Kupondole, Lalitpur-10, 01-4527090, 4523971, info@riversidehydro.com.np","27o 30' 45""","27o 31' 48""","87o 47' 01""","87o 48' 33""","Lelep,Tapethok (Taplejung)"
126,Kunban Khola HEP,20.0,Kunban,366,2078-12-28,2113-12-27,Sushmit Energy Pvt. Ltd.,"Kathmandu, Nepal, Phone no 01-5199073, 01-5199454, Sushil pokhrel 9851050406 , Email info@sushmitenergy.com","28o 37' 50""","28o 39' 30""","83o 21' 25""","83o 23' 45""",Mudi (Myagdi)
127,Himchuli Dordi HEP,57.0,Dordi,370,2079-01-28,2114-01-27,Peoples Hydropower Company Pvt. Ltd,"Anamnagar, Kathmandu, Po Box No. 25038","28o 18' 45""","28o 20' 32""","84o 33' 40""","84o 35' 50""","Dhodeni,Faleni (Lamjung)"
128,Upper Sagu HEP,10.0,"Khartal,Kothali(Sagu)",372,2079-03-05,2114-03-04,Aalampu Jalbidhyut Bikash Company Pvt. Ltd,"KMC-9, Battisputali, 9841837222","27o 50' 42""","27o 53' 00""","86o 05' 00""","86o 06' 56""","Alampu,Bigu (Dolakha)"
129,Tiplyang Kaligandaki HEP,58.0,Kali Gandaki,373,2079-03-05,2114-03-08,Tiplyang Kaligandaki Hydropower Pvt. Ltd,"KMC-9, 01-5918721, 9849536611, tiplyangkghp@gmail.com","28o 26' 03""","28o 28' 55""","83o 36' 03""","83o 38' 51""","Tatopani,Dowa,Histan Mandali,Shikha (Myagdi)"
130,Madhya Hongu Khola -A HPP,22.0,Hongu Khola,374,2079-03-09,2114-03-08,Apex Makalu Hydropower Limited,"New Baneshwor, Kathmandu Contact No.: 01-4443048, 4443047, 4992910","27o 30' 51""","27o 32' 08""","86o 51' 23""","86o 53' 54""",Gudel (Solukhumbu)
131,Chino Khola HEP,7.9,Chino,375,2079-03-20,2114-03-19,Chino Hydropower Ltd.,"Budhhanagar, Kathmandu","28o 32' 00""","28o 33' 15""","84o 19' 21""","84o 20' 22""","Tachi Bagarchhap,Dharapani (Manang)"
132,Ghunsa Khola HEP,77.5,Ghunsa Khola,376,2079-04-08,2114-04-07,Remit Hydro Ltd,"Babarmahal, Kathmandu-11,4257024,4257025,9851084895 fax4251060","27o 31' 46""","27o 34' 00""","87o 48' 20""","87o 51' 18""",Lelep (Taplejung)
133,Simbuwa Khola HEP,70.3,Simbuwa Khola,377,2079-04-23,2114-04-22,Simbuwa Remit Hydro Ltd,"CIT Building New Baneshwor, KTM-31, 01-4581775, info@srhl.org.np, www.srhl.org.np","27o 30' 00""","27o 31' 46""","87o 47' 21""","87o 52' 14""",Tapethok (Taplejung)
134,Dudh khola HEP,65.0,Dudh Khola,378,2079-04-25,2114-04-24,Dudh Khola Hydropower Company Pvt.Ltd.,"Sunrise Biz Park, 3rd Floor, Dillibazar, KTM, 01-4537705,4541648, dudhkholahydro@gmail.com","28o 31' 27""","28o 33' 17""","84o 21' 20""","84o 23' 55""","Dharapani,Tachi Bagarchhap,Thoche (Manang)"
135,Jaldigad,21.0,Jaldi Gad,380,2079-05-01,2114-04-30,Le Shangrila Hydropower Pvt. Ltd.,"KMC-3, Maharajgunj, Phone no 98510265131, 01-4545084","28o 48' 40""","28o 50' 50""","82o 25' 10""","82o 29' 40""",Syalakhadi (Rukum)
136,Middle Trishuli Ganga nadi,15.625,Trishuli,379,2079-05-17,2114-05-16,"Perfect Energy Developmnet Pvt. Ltd, KTM,","POB 5342, PH 4468221,9841264685","27o 58' 21""","27o 59' 11""","85o 10' 30""","85o 11' 25""","Gerkhu,Manakamana,Tupche (Nuwakot)"
137,Upper Madi 0 HEP,43.0,Madi Khola,381,2079-05-30,2114-05-29,Annapurna Power Company Pvt. Ltd,"Sanepa, Lalitpur, Contact No. 9851042066","28o 22' 31""","28o 25' 30""","84o 05' 30""","84o 07' 30""","Parche,Namarjung (Kaski)"
138,Middle Mailung (cascade) HEP,13.0,Mailung Khola,382,2079-07-15,2114-07-14,Mathillo Mailung Khola Jalbidhyut Ltd,"539/61 Subarna Shamsher Marg, Bluwatar, P.O.Box. 7148, Contact No. 2001348,4432372","28o 05' 01""","28o 05' 56""","85o 11' 40""","85o 12' 25""","Dandagoun,Haku (Rasuwa)"
139,Aayu Malun Khola HEP,21.0,Malun,383,2079-08-06,2114-08-05,Aayu Malun Hydropower Pvt. Ltd.,"Ka.Ma.Pa-29, Anamnagar, Kathmandu, 014102710","27o 21' 28""","27o 23' 31""","86o 24' 34""","86o 26' 36""","Prapchan,Ragadeep,Shreechaur (Okhaldhunga)"
140,Upper Kabeli-2 HEP,15.0,Kabeli Khola,384,2079-08-07,2114-08-06,Arun Valley Hydropower Development Company Limited,"Thapathali, Kathmandu","27o 17' 00""","27o 18' 45""","87o 49' 55""","87o 50' 55""","Sawalakhu,Sinam,Thumbedin (Taplejung)"
141,Palun Khola Small HEP,21.0,Palun Khola,386,2079-09-18,2114-09-17,Palun Khola Hydropower Ltd.,"Lalitpur-10, 01-4523971, 01-4527090","27o 32' 38""","27o 33' 55""","87o 37' 16""","87o 38' 38""",Papung (Taplejung)
142,Syarpu HEP,3.3,Dharne,385,2079-09-21,2114-09-20,Syarpu Power Company Limited,"Musikot 1 Rukum, 9851180511(Deepak)","28o 40' 10""","28o 41' 25""","82o 28' 24""","82o 29' 25""","Bapsekot,Syalaphakha (Rukum)"
143,Bhotekoshi 1 HEP,44.0,Bhotekoshi (Sindhupalchowk),388,2079-09-21,2114-09-20,Electro Power Company Limited,"Baneshwor-31, Kathmandu, 01-4444947","27o 53' 00""","27o 54' 45""","85o 54' 37""","85o 55' 40""","Fulpingkot,Tatopani,Listi (Sindhupalchok)"
144,Luja Khola HEP,24.8,Luja Khola,391,2079-09-26,2114-09-25,Silk Power Ltd.,"Lalitpur-8, Lalitpur, Contact No.: 9841018543 email: silkpower2076@gmail.com","27o 39' 44""","27o 41' 46""","86o 40' 40""","86o 43' 00""",Takasindu (Solukhumbu)
145,Upper Pikhuwa Khola HEP,4.9,pikhuwa,390,2079-10-09,2114-10-08,Sumnima Hydropower Company Pvt. Ltd.,"KMC-1, Naxal, 01-4505555, Email: sumnimahydro@gmail.com","27o 13' 27""","27o 15' 12""","86o 59' 00""","87o 00' 10""","Chhinamukh,Gupteshwor,Timma (Bhojpur)"
146,Sani Bheri HEP,44.52,Sani Bheri,389,2079-10-12,2114-10-11,Expert Hydro Investment Pvt. Ltd,"Baneshwor, Kathmandu, Phone 9851024788,4218988","28o 38' 50""","28o 40' 43""","82o 39' 23""","82o 42' 30""",Rangsi (Rukum)
147,Siwakhola HEP,9.3,Siwa Khola,392,2079-10-20,2114-10-19,Mewa Developers Pvt. Ltd,"Sanep-2, lalitpur, Contact no. 01-5530135, 5525228, email: info@urjadeveloper.com","27o 28' 55""","27o 30' 30""","87o 34' 00""","87o 37' 50""","Nalbu,Papung (Taplejung)"
148,Lower Bhim Khola HEP,6.05,Bhim Khola,393,2079-11-17,2114-11-16,Shikhar Power Development Pvt. Ltd.,"Kathmandu-35, Contact No. 9851133303 Prakash Baral,","28o 16' 48""","28o 17' 39""","83o 11' 04""","83o 12' 54""",Bhinggithe (Baglung)
149,Chujung Khola HEP,63.0,Chhujung,394,2079-12-02,2114-12-01,Sangrila Urja Ltd.,"Anamnagar, Kathmandu-29","27o 44' 36""","27o 46' 21""","87o 27' 11""","87o 30' 09""",Chepuwa (Sankhuwasabha)
150,Lower Nyadi HEP,12.6,Nyadi,387,2079-12-09,2114-12-08,Hub Power Pvt. Ltd,"Baluwatar, Kathmandu, 4413353, 4413354","28o 18' 30""","28o 19' 45""","84o 24' 10""","84o 25' 25""","Bahundada,Bhulbhule (Lamjung)"
151,Budum HEP,14.5,budum,395,2079-12-12,2114-12-11,Arun Valley Hydropower Development Company Pvt. Ltd.,"Thapathali, Kathmandu, phone no 5111085","27o 28' 10""","27o 30' 13""","86o 49' 55""","86o 51' 50""","Bung,Gudel (Solukhumbu)"
152,Akhu Khola-2 HEP,20.0,Ankhu Khola,398,2079-12-12,2114-12-11,Ganesh Himal Hydropower Ltd.,"Sukedhara-4, Kathmandu, 9849920987","28o 01' 15""","28o 03' 59""","84o 56' 01""","84o 59' 30""","Gumdi,Darkha,Marpak,Satyadevi (Dhading)"
153,Mistri Khola-2 HEP,12.0,Mistri,399,2079-12-12,2114-12-11,Mountain Energy Nepal Ltd,"Panipokhari, KTM, 4437705, 4441648","28o 29' 00""","28o 30' 21""","83o 38' 51""","83o 39' 47""","Dana,Shikha,Narchyang (Myagdi)"
154,Rolwaling Khola HEP,22.0,Rolwaling,396,2079-12-20,2114-12-19,Upper Tamakoshi Hydropower Company Limited,"Gyneshwor, Kathmandu,Contact No. 01-4421694, 4420658","27o 52' 54""","27o 56' 00""","86o 12' 28""","86o 15' 35""",Lamabagar (Dolakha)
155,Shyam Khola HEP,7.25,Shyam Khola,400,2080-01-13,2115-01-12,S.K. Energy Development Ltd,"Kageswari Manohara-9, Kathmandu, 9841134067/015149162","27o 18' 47""","27o 21' 13""","87o 03' 51""","87o 05' 30""","Keemalung,Khartimchcha (Bhojpur)"
156,Tallo Indrawati HEP,4.5,Indrawati,401,2080-01-20,2115-01-19,National Hydropower Company Limited,"Binayaknagar, Kathmandu, 01-5172685, 5172683, email: info@nhpc.com","27o 50' 00""","27o 52' 04""","85o 34' 36""","85o 36' 36""",Melamche (Sindhupalchok)
157,Dana Khola HEP,49.95,Dana Khola,402,2080-01-21,2115-01-20,Lalupate Hydropower Company Ltd.,"Kathmandu Metropolitan City, Ward No. 07, Lampokhari Marg, Kathmandu, 9841584500, 9851052451","28o 30' 00""","28o 31' 18""","84o 21' 39""","84o 24' 20""","Dharapani,Thoche (Manang)"
158,Upper Sardi HEP,2.9,"Sardi, kutmi",403,2080-02-09,2115-02-08,Mandakini Hydropower Ltd,"316 Baburam Acharya Sadak, Sinamangal Kathamndu. Ph No. 4461574, email: mandakini.hydropower@gmail.com","28o 21' 26""","28o 22' 08""","84o 00' 46""","84o 02' 13""",Sardikhola (Kaski)
159,Darkhola Small HEP,6.5,Dar Khola,397,2080-02-17,2115-02-16,"Darkhola Hydropower Pvt. Ltd.,","Ktm 29 Samakhushi, Phone 4388581, 9851140372","28o 29' 54""","28o 30' 40""","83o 18' 47""","83o 21' 20""",Muna (Myagdi)
160,Badigad Khola HEP,24.6,Badigad,404,2080-02-23,2115-02-22,Badigad Hydropower Ltd.,"k.M.C-10, Buddhanagar, Kathmandu, 01-4543545, 4541988","28o 15' 45""","28o 19' 13""","83o 09' 38""","83o 11' 48""","Burtiwang,Rajkut,Durling,Bhinggithe (Baglung) Neta (Gulmi)"
161,Upper Mewa Khola -A HEP,31.92,Mewa Khola,405,2080-02-32,2115-02-31,Surya Holding Company Ltd.,"KMC-30, Gyaneshwor, 01-4542782, suryaholding2072@gmail.com","27o 30' 30""","27o 32' 32""","87o 36' 56""","87o 38' 13""","Papung,Sanwa (Taplejung)"
162,Super Tamor HEP,166.0,Tamor,406,2080-03-06,2115-03-05,Cristal Power Development Pvt ltd,"Baluwatar, Kathmandu, Contact No. 01- 4430050","27o 34' 07""","27o 39' 00""","87o 45' 48""","87o 49' 12""","Lelep,Olangchung (Taplejung)"
163,Upper Mailung B HEP,17.0,Mailung Khola,407,2080-03-13,2115-03-12,Mathillo Mailung Khola Jalvidyut Ltd.,"Dhumbarahi, Kathmandu, 4373030, 4372828, 9860557422","28o 07' 13""","28o 09' 43""","85o 11' 00""","85o 12' 30""","Dandagoun,Haku (Rasuwa)"
164,Lower Khani-B HEP,6.2,Khani Khola,408,2080-04-08,2115-04-07,Koplang Energy Hydropower Pvt.Ltd.,"Gokarneshwor-15, Kathmandu","27o 48' 34""","27o 49' 20""","86o 19' 30""","86o 20' 00""",Marbu (Dolakha)
165,Upper Dudh Khola HPP,30.4,Dudh Khola,411,2080-04-11,2115-04-10,Carbonless Energy Fund Pvt. Ltd.,"Charkhal road, Dillibazar, Ktm. 01-4432864, 01-4432863, info@everestequity.com.np","28o 33' 17""","28o 35' 30""","84o 23' 19""","84o 25' 30""",Thoche (Manang)
166,Super Ghalemdi HEP,9.14,Ghalemdi,409,2080-04-17,2115-04-16,Super Ghalemdi Hydropower Pvt. Ltd.,Lalitpur 10,"28o 31' 30""","28o 32' 45""","83o 42' 00""","83o 44' 22""",Narchyang (Myagdi)
167,Tatopani khola HEP,19.0,Tatopani(Ilep) Khola,410,2080-04-25,2115-04-24,Hanuman Hydropower Pvt. Ltd,"Kathmandu 32 Anamnagar, Contact No. 01- 4265888, 9851085982","28o 14' 05""","28o 16' 50""","85o 04' 00""","85o 05' 55""","Lapa,Sirtung (Dhading)"
168,Upper Bhurundi Khola- A Small HEP,9.0,Bhurundi Khola,412,2080-05-12,2115-05-11,Niko Energy Ltd.,"KMC-30, Kathmandu, 01-5920215, 9849027852","28o 20' 31""","28o 22' 17""","83o 43' 10""","83o 45' 00""",Dangsing (Kaski)
169,Lapche- Tamakoshi HEP,42.0,Lapche,413,2080-06-14,2115-06-13,Dynamic Hydro Energy Pvt. Ltd,"Lazimpat, Kathmandu","27o 57' 13""","27o 58' 51""","86o 12' 25""","86o 13' 30""",Lamabagar (Dolakha)
170,Super Machha Khola HEP,4.6,Machha Khola,414,2080-06-18,2115-06-17,Budhigandaki Hydropower Pvt. Ltd,"Maharajgunj-3,Kathmandu, 9851073099,4545084","28o 13' 21""","28o 14' 20""","84o 47' 21""","84o 48' 48""",Laprak (Gorkha)
171,Miwaje Khola HEP,4.95,Miwaje,415,2080-06-26,2115-06-25,Ma Durga Kali HYdropower Company Pvt. Ltd,"Kupondole Lailtpur, 01-5520254, 5012027, fax: 01-5012066","28o 24' 32""","28o 25' 14""","83o 59' 45""","84o 01' 10""",Machhapuchchhre (Kaski)
172,Upper Sankhuwa Khola HEP,40.0,Sankhuwa,416,2080-06-30,2115-06-29,Happy Energy Ltd,"Kathmandu, 9857031047","27o 31' 50""","27o 33' 33""","87o 01' 04""","87o 03' 58""","Bala,Tamku (Sankhuwasabha)"
173,Sinkos Khola HEP,3.45,Sinkos Khola,417,2080-08-08,2115-08-07,Simkos Hydropower P.Ltd.,"KMC-14, Kalanki,Kathmandu, KMC-30,Samakhusi, Kathmandu","28o 32' 49""","28o 33' 50""","83o 23' 29""","83o 25' 10""",Mudi (Myagdi)
174,Super Seti HPP,24.0,Seti Khola and Batase Khola,418,2080-09-01,2115-08-30,S N Energy Ltd.,"Kupondole, Lalitpur, 01-6922762","28o 26' 16""","28o 28' 05""","83o 59' 45""","84o 00' 38""",Machhapuchchhre (Kaski)
175,Sabha Khola C HEP (Cascade),9.9,Sabha,419,2080-09-01,2115-08-30,Orbit Energy Private Limited,"Hadigaun, Kathmandu, 01-4544309, 9801099637, pokhhydropower@gmail.com","27o 25' 38""","27o 26' 13""","87o 18' 44""","87o 19' 43""","Sabha Pokhari,Bahrabise Bazar (Sankhuwasabha)"
176,Budhi Gandaki HEP,341.0,Budhi Gandaki,420,2080-09-05,2115-09-04,Times Energy Ltd.,"KMC-1, Hattisar, 01-4519182,83, 9851016674","28o 17' 00""","28o 22' 00""","84o 52' 40""","84o 55' 15""","Kerauja,Sirdibas,Uiya (Gorkha)"
177,Thuligad Khola Small PRoR HEP,17.0,Thuli Gad,421,2080-09-11,2115-09-10,Om Power Company Pvt.Ltd.,"Chandragiri Municipality-12, Satungal Kathmandu Paresh Dahal, phone no 4316325","28o 55' 50""","28o 58' 47""","80o 47' 41""","80o 51' 22""",Barchhen (Doti) Nigali (Kailali)
178,Syano Khola HEP,4.75,Syano Khola,422,2080-09-18,2115-09-17,Karnali Jalashrot Limited,"Anamnagar-32, Kathmandu","28o 31' 50""","28o 33' 15""","83o 29' 50""","83o 30' 53""",Kuinemangale (Myagdi)
179,Pikhuwa Pashupati HEP,4.1,Pikhuwa,423,2080-09-24,2115-09-23,Sumnima Hydropower Company Pvt. Ltd.,"Hulak Yol Marga Kathmandu-14, Dhan Raj Rai 9851097087, Sashi Sharma BHandari -9851140280","27o 12' 08""","27o 13' 27""","86o 59' 00""","87o 00' 00""","Annapurna,Chhinamukh,Gupteshwor (Bhojpur)"
180,Jagdulla HEP,106.0,Bheri,424,2080-09-25,2115-09-24,Jagdulla HydropowerCompany Limited,BPC Building 01-4788680,"29o 03' 16""","29o 07' 53""","82o 29' 00""","82o 38' 00""","Narku,Kaigaun (Dolpa) Bhagawati Tol (Jajarkot)"
181,Budhi Gandaki Kha,260.0,Budhi Gandaki,425,2080-09-25,2115-09-24,Naulo Nepal Hydroelectric Pvt. Ltd.,"Panipokhari, Maharajganj, Ward no. 3, Kathmandu, 9851099051","28o 07' 30""","28o 13' 46""","84o 50' 30""","84o 53' 30""","Kashigaun,Lapu,Thumi,Gumda,Manbu,Kerauja (Gorkha)"
182,Budhi Gandaki Ka,130.0,Budhi Gandaki,426,2080-10-08,2115-10-07,Naulo Nepal Hydroelectric Pvt. Ltd.,Kathmandu,"28o 13' 46""","28o 16' 55""","84o 52' 00""","84o 54' 30""",(Gorkha)
183,Upper Junbesi Khola HEP,5.875,Junbeshi,427,2080-10-08,2115-10-07,Gurkhas Himalayan Hydro Pvt. Ltd.,"Minbhawan, Kathmandu, Contact No.9851114505","27o 35' 27""","27o 36' 40""","86o 32' 00""","86o 33' 24""",Salleri (Solukhumbu)
184,Machhe Khola HEP,16.0,Machha Khola,428,2080-11-04,2115-11-03,Water Energy Development Pvt. Ltd.,"Baluwatar 4, Kathmandu. Contact No. 4430050","28o 12' 19""","28o 14' 30""","84o 49' 30""","84o 52' 05""","Lapu,Gumda,Uiya (Gorkha)"
185,Dobhan Khola HEP,24.5,Dobhan Khola,429,2080-12-05,2115-12-04,Dobhan Khola Hydropower Ltd,"Chandol-4, Kathmandu, Phone no 4442860","28o 16' 40""","28o 18' 00""","84o 54' 20""","84o 57' 32""",Kerauja (Gorkha)
186,Khimti Ghwang Khola HEP,9.0,Khimti khola and Ghwan Khola,430,2080-12-08,2115-12-07,Wonders Energy Pvt. Ltd.,"Suwidhanagar, Tinkune, Kathmandu-35 Ph. No. 01-4111853, 4111674","27o 41' 29""","27o 42' 41""","86o 21' 00""","86o 22' 08""",Syama (Dolakha)
187,Kisedi Khola Small HEP,4.1,Kisedi Khola,433,2080-12-13,2115-12-12,Ana Multipurpose Company Pvt.Ltd.,"kathmandu-4,Maharagunj,Kathmandu, Nepal. 4371748,9851168163,9851124993,9843176324","28o 11' 23""","28o 12' 15""","84o 27' 30""","84o 30' 36""","Shree Banjyang,Nauthar,Pachok,Gauda (Lamjung)"
188,Suti Khola HEP,21.0,Suti,431,2080-12-14,2115-12-13,Nilganga Hydropower Company Ltd,"Kathmandu-32, Tinkune","28o 35' 31""","28o 37' 40""","84o 24' 15""","84o 25' 39""",Thoche (Manang)
189,Sisuwa Khola HEP,13.5,"Sisuwa, Hinuwa",432,2080-12-14,2115-12-13,Matribhumi Hydropower Development Company Pvt. Ltd,Lalitpur,"27o 28' 08""","27o 29' 12""","87o 02' 26""","87o 04' 59""","Bala,Sisuwakhola (Sankhuwasabha)"
190,Yaru Khola HEP,30.59,Yaru,435,2080-12-25,2115-12-24,Yaru Hydropower PVt. Ltd,"Lazimpat-2-130, Kathmandu. 01-6911637, GPO 20762; emai: pratity@yahoo.com","28o 18' 05""","28o 20' 29""","84o 54' 30""","84o 57' 00""","Kerauja,Sirdibas,Uiya (Gorkha)"
191,Chilun Khola HEP,43.2,Chhilung,436,2080-12-25,2115-12-24,Hanuman Hydropower Pvt. Ltd,Kathmandu-32,"28o 25' 00""","28o 26' 56""","84o 48' 12""","84o 53' 30""",Sirdibas (Gorkha)
192,Bajhang Upper Seti HEP,216.0,Seti (Far West),437,2081-01-31,2116-01-30,Sambriddhi Energy Limited,"Ka.Ma.Na.Pa., Ward No-29, Anamnagar, Kathmandu","29o 44' 50""","29o 50' 30""","81o 15' 00""","81o 18' 45""",Kanda (Bajhang)
193,Dordi Dudh Khola Small HEP,19.0,Dordi,438,2081-02-09,2116-02-08,Goma Ganesh Hydropower Pvt. Ltd.,"Ka.Ma.Na.Pa-2 kathmandu, Tel 4354727,","28o 20' 32""","28o 22' 00""","84o 35' 20""","84o 36' 45""","Dhodeni,Faleni (Lamjung)"
194,Brahmayani HEP,36.52,Balephi,439,2081-02-17,2116-02-16,Bhramayani Hydropower Company Pvt. Ltd.,"Buddhanagar-10, Kathmandu Contact no. 014784958, 9851025038","28o 01' 24""","28o 04' 16""","85o 44' 38""","85o 47' 30""","Gumba,Golche (Sindhupalchok)"
195,Upper Brahmayeni HEP,15.15,Nyamya Masal,440,2081-02-20,2116-02-19,Integrated Hydro Fund Nepal Pvt. Ltd,"Budhhanagar, Kathmandu, 9851168379 ( Bharat Parajuli)","28o 04' 16""","28o 06' 00""","85o 45' 00""","85o 48' 00""","Gumba,Golche (Sindhupalchok)"
196,Lower Dudhkunda Hydropower Project,9.48,Dudhkunda (Solu),441,2081-02-21,2116-02-20,Numbur Dudhkunda Hydropower Pvt.Ltd.,"Kathamandu, Nepal","27o 33' 00""","27o 35' 16""","86o 34' 35""","86o 36' 17""",
197,Upper Sunigad HEP,14.0,Suni Gad,442,2081-02-22,2116-02-21,Omega EnergyDeveloper Pvt. Ltd,"Kathmandu Contact n.: 01-4529044, 9858757757","29o 40' 00""","29o 41' 17""","81o 12' 15""","81o 14' 00""",Dilichaur (Bajhang)
198,Kalika Kaligandaki HEP,38.16,Kali Gandaki,443,2081-03-05,2116-03-04,Maulakalika Hydropower Company Pvt. Ltd,"Purano Baneshwor, Kathmandu, 3851025301, 9813768555 ( Santosh Paudel)","27o 44' 20""","27o 47' 02""","84o 18' 52""","84o 24' 22""","Gaidakot,Mukundapur,Ratnapur (Nawalparasi) Kota (Tanahu)"
199,Malta Bagmati Small HEP,6.5,Bagmati,444,2081-03-19,2116-03-18,Bagmati Water Energy Ltd.,"Lalitpur-2, 01-5411144, 9802100074","27o 28' 01""","27o 29' 35""","85o 14' 33""","85o 15' 45""","Malta,Pyutar (Lalitpur)"
200,Tadi Ghyamphedi HEP,8.0,Tadi Khola,445,2081-03-21,2116-03-20,ABP Energy Ltd.,"Panipokhari, Maharajgunj","27o 58' 31""","28o 00' 40""","85o 26' 34""","85o 27' 51""",
201,Kalinchok Small HEP,3.0,"Budhekhani,Shikhaarjun, Bhumit",446,2081-03-21,2116-03-20,Himalayan Energy Ltd.,"Kathmandu-31, POB no 9391, PN. 01-0785409 & 9851173753; Email: bidurgautam@gmail.com","27o 47' 20""","27o 48' 31""","86o 03' 16""","86o 03' 58""","Khupachagu,Kalingchok (Dolakha)"
202,Lower Apsuwa HEP,54.0,Apsuwa,447,2081-03-23,2116-03-22,Mizu Energy Limited,"Kathmandu, mizuconstruction1@gmail.com Contact no. 9851036882","27o 30' 49""","27o 33' 35""","87o 10' 48""","87o 14' 00""",Makalu (Sankhuwasabha)
203,Rawa Khola HEP,5.4,Rawa,448,2081-04-17,2116-04-16,Halesi Hydropower Pvt. Ltd.,"KTM-10, Buddhanagar, 01-4543545, 9851045552, halesihydropower@gmail.com","27o 18' 54""","27o 20' 15""","86o 45' 30""","86o 47' 00""","Magpa,Jalapa,Sapteswor,Rakha Bangdel (Khotang)"
204,Gasali Khola Small HEP,4.5,Gasali,449,2081-04-18,2116-04-17,Himshila Power Company Ltd.,"Babarmahal, Kathmandu, 01-4222934, 01-4225281","28o 04' 28""","28o 05' 30""","85o 00' 53""","85o 02' 30""","Jharlang,Darkha (Dhading)"
205,Thaligad Small HPP,2.0,Thaligad,451,2081-04-25,2116-04-24,Trikal Power Company Ltd.,"KMC-31, 01-5317411, trikalpower2018@gmail.com, www.trikalpower.com","29o 46' 53""","29o 47' 20""","80o 30' 00""","80o 32' 04""",Dhap (Darchula)
206,Hongu Khola I HEP,30.0,Hongu Khola,452,2081-04-31,2116-04-30,IB Energy Pvt ltd,"Bluestar Complex, Tripureshwor, Kathmandu 01-4101140,01-4251080","27o 28' 30""","27o 29' 39""","86o 45' 49""","86o 49' 06""","Gudel,Sautang (Solukhumbu)"
207,Balephi Khola HEP,40.0,Balephi,453,2081-05-06,2116-05-05,Balephi Energy Pvt. Ltd,"New Baneshore, KMC-10, 01-4796030, 4791891","27o 56' 26""","27o 58' 59""","85o 47' 05""","85o 48' 20""",Gumba (Sindhupalchok)
208,Syalque Khola Small HEP,4.8,"Syalque khola, Danque Khola",454,2081-05-07,2116-05-06,Alliance Energy Solutions Pvt Ltd,"Putalisadak, Kathmandu","28o 30' 55""","28o 31' 53""","84o 18' 14""","84o 19' 18""",Chame (Manang)
209,Chainpur Seti HEP,210.0,Seti (Far West),455,2081-05-09,2116-05-08,Chainpur Seti Hydropower Company Limited,"Lalitpur-10, 01-4153243, chainpurseti@nea.org.np","29o 36' 20""","29o 44' 40""","81o 16' 00""","81o 20' 15""","Dhamena,Melbisauni,Kanda (Bajhang)"
210,Daraudi Nadi HEP,9.84,Daraudi,456,2081-05-28,2116-05-27,Manakamana Daraudi Hydropower Company Limited,"Bagbazaar, Kathmandu","27o 55' 10""","27o 57' 40""","84o 32' 00""","84o 33' 35""",Palungtar (Gorkha)
211,Lower Thulo Khola HEP (RoR Cascade),4.75,Thulo Khola,458,2081-06-07,2116-06-06,Chitwan Energy Limited,"Kupondole Lalitpur, Contact No. 9851166725 (Subhash Chandra Baral)","28o 31' 51""","28o 32' 46""","83o 30' 32""","83o 31' 19""","Chimkhola,Kuinemangale (Myagdi)"
212,Palun khola 1 HEP,30.0,Palun Khola,459,2081-06-07,2116-06-06,Trust Energy Pvt. Ltd.,"Kathmandu 3, Maharajgunj, Contact No. 4410001, 9851110896","27o 33' 55""","27o 35' 52""","87o 37' 42""","87o 39' 16""",Papung (Taplejung)
213,Lower Tawakhola HEP,7.1,Tawa Khola,460,2081-06-13,2116-06-12,TawaNova Energy Pvt. Ltd.,"Kalopul, Kathmandu, 9820000444","27o 21' 40""","27o 22' 20""","87o 51' 42""","87o 53' 23""","Paidang,Mehele,Tellok (Taplejung)"
214,Super Iwa Khola HEP,4.795,Iwa Khola,461,2081-07-02,2116-07-01,Kanchanjunga Hydro Energy Pvt. Ltd,Ka. Ma. Na. Pa 35,"27o 18' 26""","27o 19' 16""","87o 58' 37""","87o 59' 49""",Sadewa (Taplejung)
215,Chepe Khola Cascade Hydropower Project,2.0,Chepe Khola,462,2081-07-07,2116-07-06,Aashutosh Energy Limited,"KMC - 30, Gyaneshower, Kathmandu, 01-5245059","28o 10' 39""","28o 11' 20""","84o 37' 05""","84o 37' 43""",Hanspur (Gorkha) Dudhpokhari (Lamjung)
216,Sankhuwa Khola HEP,41.061,Sankhuwa,463,2081-08-06,2116-08-05,Gurans Hydro Ltd,"SC House, Dhobighat-3, Lalitpur, Nepal","27o 25' 40""","27o 28' 39""","87o 05' 00""","87o 08' 30""","Kulunga (Bhojpur) Bala,Sisuwakhola,Tamku (Sankhuwasabha)"
217,Devdhunga Chaku Khola HEP,3.56,Chaku and Devdhunga,464,2081-08-09,2116-08-08,Devdhunga Malika Hydropower Pvt. Ltd,"New Baneshwor, Kathmandu, 9851229755, 01-4480251","27o 51' 15""","27o 52' 05""","85o 58' 08""","85o 59' 39""","Marbin,Fulpingkot (Sindhupalchok)"
218,Budhi Gandaki Prok Khola HEP,81.0,Budhi Gandaki,465,2081-09-02,2116-09-01,Chilime Hydropower Company Limited,"Dhumbarahi, Kathmandu, 01-4370720","28o 30' 38""","28o 33' 00""","84o 48' 35""","84o 52' 00""","Bihi,Lho,Prok (Gorkha)"
219,Dhaula Khola HEP,10.8,"Dhaula, khewas",466,2081-11-11,2116-11-10,Dhaulashree Power Company Private Limited,"Ka. Ma. Na. Pa- 31, Minbhawan, Kathmandu","28o 34' 10""","28o 35' 16""","83o 14' 14""","83o 17' 22""",Gurja (Myagdi)
220,Bakan Khola HEP,44.0,Bakan,468,2081-11-23,2116-11-22,Summit Energy Solution Pvt. Ltd,"Ka.Ma.Na.Pa-2, Lazimpat","27o 46' 56""","27o 48' 29""","87o 27' 01""","87o 30' 00""",Chepuwa (Sankhuwasabha)
221,Sani Bheri 3 HEP,46.72,Sani Bheri,469,2081-12-08,2116-12-07,Sani Bheri Hydropower Company Pvt. Ltd,"Kathmandu, Nepal, Contact No. 9801012504","28o 37' 15""","28o 40' 15""","82o 29' 48""","82o 35' 15""","Pipal,Pokhara,Sobha,Syalaphakha (Rukum)"
222,Middle Chameliya HEP,28.304,Chameliya Khola,470,2081-12-13,2116-12-12,Darchula Power Pvt. Ltd,"Phone no 9851092614, 9851023270,","29o 42' 55""","29o 45' 00""","80o 42' 38""","80o 46' 45""","Rauleswor,Kotpetara (Baitadi) Latinath,Khandeswori (Darchula)"
223,Super Most Iwa HEP,4.6,Iwa Khola,471,2081-12-17,2116-12-16,Tinjure Hydropower Pvt. Ltd.,"Kathmandu, Nepal, 01-4264546","27o 20' 00""","27o 21' 21""","88o 00' 15""","88o 01' 30""",Sadewa (Taplejung)
224,Nar Khola HEP,58.9,"Nar Khola, Soti Khola",472,2081-12-22,2116-12-21,Nar Khola Hydro Energy Pvt. Ltd,"Narayanchaur Naxal-01, Kathmnadu, Contact No. 9851023781","28o 33' 08""","28o 38' 00""","84o 12' 52""","84o 16' 22""","Tachi Bagarchhap,Chame (Manang)"
225,Seti Nadi-3 HEP,87.0,Seti (Far West),473,2082-01-28,2117-01-27,Chilime Hydropower Company Limited,"Dhumbarahi, Kathmandu, 01-4370720","29o 30' 00""","29o 33' 15""","81o 07' 51""","81o 15' 00""","Sunikot,Luyanta,Kotdewal,Hemantabada,Chainpur,Bhatekhola,Rithapata,Subeda (Bajhang)"
226,Upper Most Iwa Khola HEP,4.1,Iwa Khola,480,2082-02-23,2117-02-22,Timbung Pokhari Hydro Pvt. Ltd,"9842058977, 9816325910","27o 19' 24""","27o 20' 00""","87o 59' 35""","88o 00' 50""",Sadewa (Taplejung)
227,Lodo Khola Sana HEP,1.6,Lodo,478,2082-02-25,2117-02-24,Liberty Energy Co. Ltd.,"Kalikasthan-29, Kathmandu. Contact No.: 014443545, 4441988","28o 15' 42""","28o 16' 20""","84o 31' 42""","84o 32' 49""","Dhodeni,Faleni (Lamjung)"
228,Irkhuwa Khola Ka HEP,15.0,Irkhuwa Khola,481,2082-02-27,2117-02-26,Eastern Energy Pvt. Ltd.,"P.O.no.26153,Baluwatar,kathmandu 4432068,4227406,9841254097","27o 23' 15""","27o 24' 30""","86o 58' 25""","87o 01' 30""","Khatamma,Dummana (Bhojpur)"
229,Super Sabha Khola Small Hydropower Project,4.1,Sabha Khola,482,2082-02-28,2117-02-27,Sankhuwasabha Power Development Pvt.Ltd,"Baneshower, Kathmandu, Nepal(sabhakhola.hydropower@gmail.com)","27o 26' 19""","27o 28' 13""","87o 23' 45""","87o 24' 51""",Sabha Pokhari (Sankhuwasabha)
230,Lower Kalanga Gad HEP,8.0,Kalanga Gad,483,2082-02-30,2117-02-29,Bagthala Hydro Pvt.ltd.,"Central Business Park ,Thapathali,kathamndu,","29o 29' 02""","29o 30' 40""","80o 52' 30""","80o 54' 26""","Khiratadi,Rayal,Sunkuda (Bajhang)"
231,Tirija Khola HEP,9.71,Tirija,484,2082-03-15,2117-03-14,Tirija Hydropower Private Limited,9851088433,"28o 33' 51""","28o 35' 22""","83o 19' 15""","83o 20' 45""",Mudi (Myagdi)
232,Betan Karnali HEP,439.0,Karnali,485,2082-03-15,2117-03-14,Betan Karnali Sanchayakarta Hydropower Company Ltd,"Durbar marga, Kathmandu, Contact No. 01-4244903 email; info@bkshcl.com.np,","28o 50' 57""","28o 56' 04""","81o 11' 43""","81o 24' 42""","Dhungachalna,Turmakhad (Achham) Sugarkhal (Kailali) Betan,Bidyapur,Bijaura,Chapre,Guthu (Surkhet)"
233,Lapa Khola Hydropower Project,4.72,Lapa Khola,486,2082-04-04,2117-04-03,Harmony Initiatives Pvt. Ltd.,"Tokha -7, Dhapasi, Kathmandu","28o 09' 55""","28o 10' 24""","85o 02' 21""","85o 03' 02""",Lapa (Dhading)
234,Lower Barun Khola HPP,132.0,Barun,487,2082-04-30,2117-04-29,Ampik Energy Pvt Ltd,"Lalipur-1, 9849821564","27o 41' 29""","27o 43' 19""","87o 18' 10""","87o 22' 05""",Hatiya (Sankhuwasabha)
235,Maygdi Khola- B HEP,12.5,Myagdi,489,2082-05-08,2117-05-07,Sushmit Energy Pvt. Ltd.,"Sushmit Bhawan 166/40467 Subidhanagr-35, Kathmandu, Contact No.: 5199027","28o 33' 21""","28o 34' 18""","83o 23' 00""","83o 23' 30""",Mudi (Myagdi)
236,Tallo Likhu Cascade Hydropower Project,6.0,Likhu Khola,490,2082-05-12,2117-05-11,Swet Ganga Hydropower & Construction Limited,"Dhumbarahi, Kathmandu, Tel:01-4373030, 4372828","27o 22' 14""","27o 23' 23""","86o 13' 10""","86o 14' 02""","Narmedeshwor,Yasam (Okhaldhunga) Gothgau,Bijulikot (Ramechhap)"
237,Upper Melamchi HEP,4.95,Melamchi,491,2082-05-16,2117-05-15,Gugeshwori Energy Pvt. Ltd,"Subidhanagar, Tinkune, Kathmandu-32; 01-4111717","28o 01' 09""","28o 02' 10""","85o 31' 45""","85o 32' 30""",Melamche (Sindhupalchok)
238,Super Sabha Khola A HPP,9.55,Sabha Khola,492,2082-05-23,2117-05-22,Sankhuwa Sabha Development Limited,"Baneshower, Kathmandu 9851255190, 9851110234","27o 25' 45""","27o 26' 34""","87o 22' 27""","87o 23' 45""",Sabha Pokhari (Sankhuwasabha)
239,Lower Melamchi HEP,4.96,Melamchi,493,2082-05-29,2117-05-28,Gugeshwori Energy Pvt. Ltd,"Subidhanagar, Tinkune, Kathmandu-32; 01-4111717","27o 58' 31""","27o 59' 14""","85o 32' 00""","85o 32' 40""",Melamche (Sindhupalchok)
240,Upper Seti-1 HEP,13.0,Seti Khola (Gandaki),494,2082-06-09,2117-06-08,Shrestha Energy Solution Pvt. Ltd,"Buddhanagar, KMC-10, 01-5902560, 01-5905890, upperseti1@gmail.com, www.shresthaenergy.com.np","28o 16' 38""","28o 18' 40""","83o 56' 00""","83o 57' 50""",Purachaur (Kaski)
241,Hongu Khola HEP,28.9,Hongu Khola,495,2082-06-10,2117-06-09,Union Hydropower Ltd,"Lalitpur-3, Dhobighat, Phone no. 5525406","27o 32' 08""","27o 34' 40""","86o 52' 53""","86o 54' 31""",Chheskam (Solukhumbu)
242,Induwa Khola PRoR HEP,24.921,Induwa,496,2082-06-29,2117-06-28,Vision Tesla Power Pvt. Ltd.,"Kathmandu-3, Contact no.: 9851147060","27o 30' 46""","27o 33' 29""","87o 19' 07""","87o 22' 16""",Num (Sankhuwasabha)
243,Chunchet Syar Khola HEP,45.0,Syar Khola,497,2082-08-05,2117-08-04,Chilime Hydropower Company Limited,"Dumbarahi Kathmandu, 014370773, 01-4370793","28o 26' 25""","28o 28' 30""","84o 54' 30""","84o 57' 32""","Sirdibas,Chunchet,Bihi (Gorkha)"
244,Middle Likhu Small HEP,8.6,Likhu Khola,498,2082-08-07,2117-08-06,Parbat Energy Pvt. Ltd.,"Sanghutar, Ramechhap","27o 31' 08""","27o 31' 40""","86o 20' 15""","86o 21' 30""",Rawadolu (Okhaldhunga) Goli (Solukhumbu)
245,Chhomron Khola Small HEP,4.894,Chhomron Khola,499,2082-08-11,2117-08-10,Ghandruk Hydro Private Limited,"Banasthali, Kathmandu-16, Kathmandu","28o 25' 14""","28o 25' 54""","83o 49' 08""","83o 50' 00""",Ghandruk (Kaski)
246,Upper Mudi Khola,12.73,Mudi & Ghurma,501,2082-10-02,2117-10-01,Fresh Water Energy Pvt. Ltd.,"Kathmandu-10, Buddhanagar, 01-5922601,9851221372","28o 33' 30""","28o 35' 00""","83o 17' 22""","83o 19' 15""",Mudi (Myagdi)
247,Myagdi Khola A HEP,30.0,Myagdi,502,2082-10-09,2117-10-08,Dordi Khola Jalvidyut Company Limited,"Blue Star Complex, Tripureshwar, Kathmandu, Ph. No. 01-4232748","28o 40' 42""","28o 38' 13""","83o 25' 40""","83o 23' 45""",Mudi (Myagdi)
248,Lower Rupse Khola HEP,1.86,Rupse,503,2082-10-22,2117-10-21,Gulmi Hydro Pvt. Ltd,"Anamnagar, Kathmandu","28o 32' 47""","28o 33' 26""","83o 38' 14""","83o 39' 00""",Dana (Myagdi)
249,Super Irkhuwa Khola HEP,5.0,Irkhuwa Khola,504,2083-01-03,2118-01-02,Bhojpur Siwalaya Power Pvt. Ltd,"Kathmandu-32, Jadibuti, Nepal, Contact No.: 9851187011, 9865660888","27o 24' 05""","27o 25' 16""","86o 55' 59""","86o 58' 24""",Dobhane (Bhojpur)
250,Chyandi Khola HEP,4.2,Chyandi Khola,505,2083-01-04,2118-01-03,Chyadi Khola Hydropower Company Pvt. Ltd.,"Bichour VDC-1, 9841285734","28o 12' 56""","28o 14' 20""","84o 37' 00""","84o 38' 24""",Kharibot (Gorkha) Dudhpokhari (Lamjung)
251,Upper Arun HEP,1063.36,Arun,506,2083-01-14,2118-01-13,Upper Arun Hydro Electric Limited,"Durbararg, Kathmandu","27o 40' 18""","27o 45' 08""","87o 20' 30""","87o 26' 45""","Pathibhara,Pawakhola (Sankhuwasabha)"
252,Manahari Khola HEP,4.5,Manhari,507,2083-01-21,2118-01-20,Dynamic Power Pvt. Ltd,"Samakhusi, Kathmandu, Contact No. 9841440822","27o 33' 37""","27o 35' 14""","84o 53' 40""","84o 55' 18""","Raksorang,Kalikatar (Makawanpur)"
253,Middle Molung Khola Small HEP,6.0,Molung,508,2083-01-30,2118-01-29,Suvarambha Hydropower(Pvt.) ltd.,"KMC-3, Maharajgunj, 9851074916, 9851323935, suvarambha.hp@gmail.com","27o 17' 20""","27o 18' 56""","86o 26' 04""","86o 27' 16""",Okhaldhunga (Okhaldhunga)
254,Marsyangdi River PRoR Hydropower Project,90.0,Marsyangdi,509,2083-01-30,2118-01-29,M.A. Power Pvt. Ltd.,"Kantipath, Kathmandu, 9851026244","27o 58' 20""","28o 05' 25""","84o 25' 00""","84o 29' 00""",Palungtar (Gorkha) Bhanu (Tanahu)
255,Budhi Gandaki Nadi HEP,91.15,Budhi Gandaki,510,2083-02-04,2118-02-03,"Surya Energy Pvt.Ltd,","Mharajgunj, Kathmandu","28o 26' 26""","28o 29' 15""","84o 51' 40""","84o 54' 30""","Sirdibas,Chunchet (Gorkha)"
256,Tamor Khola,43.0,Tamor,511,2083-02-20,2118-02-19,Nepal Hydro Venture Pvt.Ltd.,"Bluestar Hotel complex, Thapathali, Kathmandu. PO Box 23585","27o 31' 48""","27o 33' 30""","87o 47' 25""","87o 48' 20""",Lelep (Taplejung)
257,Upper Tamor A HEP,60.0,Tamor,512,2083-02-20,2118-02-20,Union Hydropower Limited,"Lalitpur- 3 , Dhobighat","27o 39' 10""","27o 42' 20""","87o 44' 35""","87o 48' 09""",Olangchung (Taplejung)
258,Supreme Middle Seti HEP,18.0,Seti Khola (Gandaki),513,2083-03-02,2118-03-01,KCs Hotel and Multiple Industries P Ltd,"Pokhara Metro. 14, Kaski, PH 01-5012027, 5520254; sharmanirajan929@gmail.com","28o 08' 05""","28o 09' 29""","84o 01' 49""","84o 04' 15""","Bharatpokhari,Lekhnath (Kaski)"
259,Myardi Khola,30.0,Myardi Khola,514,2083-03-04,2118-03-03,Myardi Khola Hydropower Co. Pvt. Ltd.,"Tokha-7, Kathmandu, 9851040625","28o 26' 34""","28o 27' 30""","84o 19' 36""","84o 22' 33""",(Lamjung)
260,Rolwaling Khola HEP,88.0,Rolwaling,516,2083-03-08,2118-03-07,H.E.D Energy Pvt. Ltd,"Thamel, Kathmandu www.hednep.com, Contact No:. 985113670","27o 53' 15""","27o 54' 45""","86o 16' 00""","86o 20' 55""","Gauri Sankar,Lamabagar (Dolakha)"
261,Luja Khola Cascade Hydropower Project,9.8,Luja Khola,517,2083-03-17,2118-03-16,Arris Energy Private Limited,"Madhyapur Thimi - 3, Bhaktapur","27o 40' 00""","27o 40' 50""","86o 42' 25""","86o 43' 00""",Chaulakharka(Waula) (Solukhumbu)
262,Uttarganga Storage Hydropower Project,828.0,Uttar Ganga,518,2083-04-15,2118-04-14,Uttarganga Power Co. Ltd.,"Durbar Marg , Kathmandu, GPO Box: 10020","28o 22' 30""","28o 31' 13""","82o 55' 00""","83o 06' 08""","Bowang,Boharagaun,Nisi,Adhikarichaur (Baglung)"
